Full name,Code,Email
Samrat Basu,1047616,samrat.basu01@infosys.com
Deepa R.,1063904,deepar@edgeverve.com
Dheeraj Kumar Reddy,668225,dheerajkumar_k@infosys.com
Dyanesh Nagaraja Rao,173886,Dyanesh_Rao@infosys.com
Subraya B. Pai,74276,Subraya_Pai@infosys.com
Sanyukti Saxena,782553,sanyukti.saxena@infosys.com
Bikash Ranjan Jethy,704274,Bikash.Jethy@infosys.com
Sneha Verma,642541,Sneha_Verma@infosys.com
